<?xml version="1.0" encoding="UTF-8" standalone="yes"?>
<addon id="plugin.program.grumpybuildswizard" name="Grumpy Builds Wizard" version="4.3.3" provider-name="Grumpy">
  <requires>
    <import addon="xbmc.python" version="2.1.0"/>
  </requires>
  <extension point="xbmc.python.pluginsource" library="default.py">
    <provides>executable</provides>
  </extension>
  <extension point="xbmc.service" library="startup.py" start="startup" />
  <extension point="xbmc.addon.metadata">
    <summary lang="en">The Grumpy Builds Wizard allows you to get access to the latest Grumpy's Custom Builds.</summary>
    <description lang="en"></description>
    <disclaimer>[COLOR red][B]Disclaimer:[/B][/COLOR] Grumpy Builds did not make all the add-ons in these builds and is not responsible for their content.</disclaimer>
	<platform>all</platform>
  </extension>
</addon>