<?xml version="1.0" encoding="UTF-8" standalone="yes"?>
<addon id="plugin.program.grumpybuildswizard" name="Grumpy Builds Wizard" version="4.3.1" provider-name="Grumpy">
  <requires>
    <import addon="xbmc.python" version="2.1.0"/>
  </requires>
  <extension point="xbmc.python.pluginsource" library="default.py">
    <provides>executable</provides>
  </extension>
  <extension point="xbmc.service" library="startup.py" start="startup" />
  <extension point="xbmc.addon.metadata">
    <summary lang="en">Grumpy Builds Wizard</summary>
    <description lang="en">The Grumpy Builds Wizard allows you to get access to the latest Grumpy's Custom Builds.</description>
    <platform>all</platform>
  </extension>
</addon>